<?xml version="1.0" encoding="UTF-8"?>
<schemalist>
  <schema path="/org/gnome/gedit/plugins/haxecodecompletion/" id="org.gnome.gedit.plugins.haxecodecompletion" gettext-domain="gedit">
  
    <!-- #### configuration for haxe code completion plugin #### -->
    <key type="s" name="keybinding-complete">
      <default>'ctrl+space'</default>
      <summary>Keybinding to complete code</summary>
      <description>Combinations of keys used to complete code</description>
    </key>
    <key type="s" name="hxml-uri">
      <default>'None'</default>
      <summary>Path to hxml file used for autocompletion</summary>
      <description>Path to hxml file used for autocompletion</description>
    </key>
    <key type="b" name="dot-complete">
      <default>true</default>
      <summary>Show popup when typing a dot(.)</summary>
      <description>Show popup when typing a dot(.)</description>
    </key>
    <key type="b" name="space-complete">
      <default>true</default>
      <summary>Complete with space bar</summary>
      <description>Complete with space bar</description>
    </key>
    <key type="b" name="show-api-info-panel">
      <default>true</default>
      <summary>Show api info in bottom panel</summary>
      <description>Show api info in bottom panel</description>
    </key>
    <key type="b" name="auto-hide-api-info-panel">
      <default>false</default>
      <summary>Automatically hide the bottom panel with API info</summary>
      <description>Automatically hide the bottom panel with API info</description>
    </key>
    <key type="b" name="tab-complete">
      <default>true</default>
      <summary>Complete with tab key</summary>
      <description>Complete with tab key</description>
    </key>
    <key type="b" name="enter-complete">
      <default>true</default>
      <summary>Complete with enter key</summary>
      <description>Complete with enter key</description>
    </key>
    <key type="b" name="non-alpha-complete">
      <default>false</default>
      <summary>Complete with non alpha numeric key</summary>
      <description>Complete with non alpha numeric key</description>
    </key>
    <key type="b" name="double-dot-complete">
      <default>true</default>
      <summary>Complete with dot key and relaunch the popup</summary>
      <description>Complete with dot key and relaunch the popup</description>
    </key>
    <key type="b" name="esc-hide-complete">
      <default>true</default>
      <summary>Close the popup with the esc key</summary>
      <description>Close the popup with the esc key</description>
    </key>
    <key type="b" name="empty-hide-complete">
      <default>false</default>
      <summary>Close the popup when empty after filter</summary>
      <description>Close the popup when empty after filter</description>
    </key>
    <key type="b" name="typeonly-hide-complete">
      <default>false</default>
      <summary>Show popup with list of types in case of Dynamic, Unknown</summary>
      <description>Show popup with list of types in case of Dynamic, Unknown</description>
    </key>
    <!-- #### configuration for haxe ide plugin #### -->
    <key type="s" name="keybinding-build">
      <default>'shift+space'</default>
      <summary>Keybinding to build</summary>
      <description>Combination of keys used to invoke the compiler</description>
    </key>
    <key type="b" name="auto-hide-console">
      <default>false</default>
      <summary>Hide the console on successfull build</summary>
      <description>Hide the console on successfull build</description>
    </key>
    <key type="b" name="auto-hide-side-panel">
      <default>false</default>
      <summary>Hide the side panel for none haxe projects</summary>
      <description>Hide the side panel for none haxe projects</description>
    </key>
    <key type="s" name="project-default-location">
      <default>'None'</default>
      <summary>Path to default location for new haxe projects</summary>
      <description>Path to default location for new haxe projects</description>
    </key>
    <key type="s" name="project-default-package">
      <default>'None'</default>
      <summary>Default package to use when creating a new project.</summary>
      <description>Default package to use when creating a new project.</description>
    </key>
    <key type="s" name="project-default-main">
      <default>'None'</default>
      <summary>Default document class to use when creating a new project.</summary>
      <description>Default document class to use when creating a new project.</description>
    </key>
    <key type="s" name="sessions">
      <default>'None'</default>
      <summary>Paths to documents saved for a session</summary>
      <description>Paths to documents saved for a session</description>
    </key>
    <key type="i" name="session-path-offset">
      <default>0</default>
      <summary>Session path offset for label</summary>
      <description>Shows more or less of the path to the hxml file</description>
    </key>
    <key type="b" name="session-path-show-hxml">
      <default>true</default>
      <summary>Show hxml file in session path</summary>
      <description>Shows the hxml file in the path to a session</description>
    </key>
    <key type="b" name="play-after-build">
      <default>true</default>
      <summary>Execute the run.sh file after building</summary>
      <description>Execute the run.sh file after building</description>
    </key>
    <key type="s" name="run-file">
      <default>'None'</default>
      <summary>File to run after compiling</summary>
      <description>File to run after compiling</description>
    </key>
    <key type="b" name="build-path-show-hxml">
      <default>true</default>
      <summary>Show hxml file in build path</summary>
      <description>Shows the hxml file in the build path</description>
    </key>
    <key type="b" name="toolbar-show-hxml">
      <default>true</default>
      <summary>Show current hxml file in the toolbar</summary>
      <description>Show current hxml file in the toolbar</description>
    </key>
    <key type="s" name="debug-history">
      <default>"None"</default>
      <summary>Paths to previously debugged applications</summary>
      <description>Paths to previously debugged applications</description>
    </key>
    
  </schema>
</schemalist>
